type,severity,detector,frame_auroc,ci_lo,ci_hi,node_auroc
hourglass,1,gnn,0.7373,0.6279,0.8765,0.8768
hourglass,1,constvel,0.7949,0.7085,0.8706,0.9250
hourglass,1,velocity,0.5693,0.4599,0.7032,0.6202
hourglass,2,gnn,0.8350,0.7343,0.9499,0.9230
hourglass,2,constvel,0.8857,0.8418,0.9282,0.8896
hourglass,2,velocity,0.6494,0.5121,0.7544,0.6961
hourglass,3,gnn,0.9131,0.8672,0.9844,0.9438
hourglass,3,constvel,0.7451,0.6680,0.8350,0.8868
hourglass,3,velocity,0.5498,0.4184,0.6846,0.6895
penetration,1,gnn,0.7031,0.6182,0.8003,0.6820
penetration,1,constvel,0.7578,0.6895,0.8418,0.8156
penetration,1,velocity,0.5713,0.5195,0.6671,0.5903
penetration,2,gnn,0.8291,0.7871,0.9160,0.8665
penetration,2,constvel,0.8691,0.8047,0.9331,0.9107
penetration,2,velocity,0.7861,0.6483,0.9058,0.7421
penetration,3,gnn,0.9258,0.8750,1.0000,0.9571
penetration,3,constvel,0.9570,0.8720,1.0000,0.9651
penetration,3,velocity,0.9443,0.8329,1.0000,0.8826
inversion,1,gnn,0.8457,0.7680,0.9234,0.9361
inversion,1,constvel,0.7207,0.6211,0.8086,0.9238
inversion,1,velocity,0.5967,0.4858,0.7095,0.6493
inversion,2,gnn,0.7959,0.7148,0.9029,0.9202
inversion,2,constvel,0.7412,0.6396,0.8321,0.8298
inversion,2,velocity,0.5576,0.3833,0.7272,0.7764
inversion,3,gnn,0.7910,0.6973,0.8721,0.9638
inversion,3,constvel,0.7070,0.6357,0.7979,0.8729
inversion,3,velocity,0.5459,0.4350,0.6672,0.7034
instability,1,gnn,0.9023,0.7705,0.9961,0.9535
instability,1,constvel,1.0000,1.0000,1.0000,0.9998
instability,1,velocity,0.9258,0.8740,0.9668,0.9803
instability,2,gnn,0.9922,0.9766,1.0000,1.0000
instability,2,constvel,1.0000,1.0000,1.0000,1.0000
instability,2,velocity,0.9990,0.9961,1.0000,1.0000
instability,3,gnn,1.0000,1.0000,1.0000,1.0000
instability,3,constvel,1.0000,1.0000,1.0000,1.0000
instability,3,velocity,1.0000,1.0000,1.0000,1.0000
frozen,1,gnn,0.7773,0.6542,0.9405,0.6541
frozen,1,constvel,0.7500,0.6513,0.8555,0.5025
frozen,1,velocity,0.8320,0.6443,1.0000,0.9955
frozen,2,gnn,0.7979,0.5942,0.9678,0.5921
frozen,2,constvel,0.6289,0.5517,0.7129,0.2522
frozen,2,velocity,0.8857,0.7383,0.9844,0.9664
frozen,3,gnn,0.7461,0.5977,0.9181,0.7003
frozen,3,constvel,0.5186,0.4639,0.5933,0.2529
frozen,3,velocity,0.8232,0.6009,0.9766,0.9985
